{
  "variants": {
    "": [
      {
        "model": "minecraft:block/dirt",
	"weight": 15
      },
      {
        "model": "minecraft:block/dirt",
        "y": 90,
	"weight": 15
      },
      {
        "model": "minecraft:block/dirt",
        "y": 180,
	"weight": 15
      },
      {
        "model": "minecraft:block/dirt",
        "y": 270,
	"weight": 15
      },
      {
        "model": "minecraft:block/dirt_2",
	"weight": 2
      },
      {
        "model": "minecraft:block/dirt_2",
	"y": 90,
	"weight": 2
      },
      {
        "model": "minecraft:block/dirt_2",
	"y": 180,
	"weight": 2
      },
      {
        "model": "minecraft:block/dirt_2",
	"y": 270,
	"weight": 2
      },
      {
        "model": "minecraft:block/dirt_3",
	"weight": 3
      },
      {
        "model": "minecraft:block/dirt_3",
	"y": 90,
	"weight": 3
      },
      {
        "model": "minecraft:block/dirt_3",
	"y": 180,
	"weight": 3
      },
      {
        "model": "minecraft:block/dirt_3",
	"y": 270,
	"weight": 3
      },
      {
        "model": "minecraft:block/dirt_4",
	"weight": 3
      },
      {
        "model": "minecraft:block/dirt_4",
	"y": 90,
	"weight": 3
      },
      {
        "model": "minecraft:block/dirt_4",
	"y": 180,
	"weight": 3
      },
      {
        "model": "minecraft:block/dirt_4",
	"y": 270,
	"weight": 3
      }
    ]
  }
}