{
  "variants": {
    "": [
      {
        "model": "minecraft:block/sand",
	"weight": 15
      },
      {
        "model": "minecraft:block/sand",
        "y": 90,
	"weight": 15
      },
      {
        "model": "minecraft:block/sand",
        "y": 180,
	"weight": 15
      },
      {
        "model": "minecraft:block/sand",
        "y": 270,
	"weight": 15
      },
      {
        "model": "minecraft:block/sand_2",
	"weight": 2
      },
      {
        "model": "minecraft:block/sand_2",
	"y": 90,
	"weight": 2
      },
      {
        "model": "minecraft:block/sand_2",
	"y": 180,
	"weight": 2
      },
      {
        "model": "minecraft:block/sand_2",
	"y": 270,
	"weight": 2
      },
      {
        "model": "minecraft:block/sand_3",
	"weight": 2
      },
      {
        "model": "minecraft:block/sand_3",
	"y": 90,
	"weight": 2
      },
      {
        "model": "minecraft:block/sand_3",
	"y": 180,
	"weight": 2
      },
      {
        "model": "minecraft:block/sand_3",
	"y": 270,
	"weight": 2
      }
    ]
  }
}