{
	"credit": "Modeled by NoMoreBrine using Blockbench",
	"textures": {
		"bottom": "block/end_stone",
		"top": "block/end_portal_frame_top",
		"particle": "block/end_portal_frame_side",
		"side": "block/end_portal_frame_side",
		"eye": "block/end_portal_eye"
	},
	"elements": [
		{
			"from": [0, 0, 0],
			"to": [16, 13, 16],
			"faces": {
				"north": {"uv": [0, 3, 16, 16], "texture": "#side", "cullface": "north"},
				"east": {"uv": [0, 3, 16, 16], "texture": "#side", "cullface": "east"},
				"south": {"uv": [0, 3, 16, 16], "texture": "#side", "cullface": "south"},
				"west": {"uv": [0, 3, 16, 16], "texture": "#side", "cullface": "west"},
				"up": {"uv": [0, 0, 16, 16], "texture": "#top"},
				"down": {"uv": [0, 0, 16, 16], "texture": "#bottom", "cullface": "down"}
			}
		},
		{
			"from": [7, 13, 3],
			"to": [10, 16, 13],
			"rotation": {"angle": 0, "axis": "y", "origin": [6, 8, 8]},
			"faces": {
				"north": {"uv": [8, 14, 10, 16], "texture": "#eye"},
				"east": {"uv": [8, 14, 10, 16], "texture": "#eye"},
				"south": {"uv": [8, 14, 10, 16], "texture": "#eye"},
				"west": {"uv": [8, 14, 10, 16], "texture": "#eye"},
				"up": {"uv": [7, 2, 10, 12], "texture": "#eye", "cullface": "up"}
			}
		},
		{
			"from": [4, 13, 4],
			"to": [7, 16, 14],
			"rotation": {"angle": 0, "axis": "y", "origin": [3, 8, 9]},
			"faces": {
				"north": {"uv": [8, 14, 10, 16], "texture": "#eye"},
				"east": {"uv": [8, 14, 10, 16], "texture": "#eye"},
				"south": {"uv": [8, 14, 10, 16], "texture": "#eye"},
				"west": {"uv": [8, 14, 10, 16], "texture": "#eye"},
				"up": {"uv": [4, 3, 7, 13], "texture": "#eye", "cullface": "up"}
			}
		},
		{
			"from": [3, 13, 5],
			"to": [4, 16, 14],
			"rotation": {"angle": 0, "axis": "y", "origin": [0, 8, 9]},
			"faces": {
				"north": {"uv": [8, 14, 10, 16], "texture": "#eye"},
				"east": {"uv": [8, 14, 10, 16], "texture": "#eye"},
				"south": {"uv": [8, 14, 10, 16], "texture": "#eye"},
				"west": {"uv": [8, 14, 10, 16], "texture": "#eye"},
				"up": {"uv": [3, 4, 4, 13], "texture": "#eye", "cullface": "up"}
			}
		},
		{
			"from": [2, 13, 5],
			"to": [3, 16, 13],
			"rotation": {"angle": 0, "axis": "y", "origin": [-1, 8, 9]},
			"faces": {
				"north": {"uv": [8, 14, 10, 16], "texture": "#eye"},
				"east": {"uv": [8, 14, 10, 16], "texture": "#eye"},
				"south": {"uv": [8, 14, 10, 16], "texture": "#eye"},
				"west": {"uv": [8, 14, 10, 16], "texture": "#eye"},
				"up": {"uv": [2, 4, 3, 12], "texture": "#eye", "cullface": "up"}
			}
		},
		{
			"from": [1, 13, 5],
			"to": [2, 16, 12],
			"rotation": {"angle": 0, "axis": "y", "origin": [-2, 8, 9]},
			"faces": {
				"north": {"uv": [8, 14, 10, 16], "texture": "#eye"},
				"east": {"uv": [8, 14, 10, 16], "texture": "#eye"},
				"south": {"uv": [8, 14, 10, 16], "texture": "#eye"},
				"west": {"uv": [8, 14, 10, 16], "texture": "#eye"},
				"up": {"uv": [1, 4, 2, 11], "texture": "#eye", "cullface": "up"}
			}
		},
		{
			"from": [0, 13, 6],
			"to": [1, 16, 11],
			"rotation": {"angle": 0, "axis": "y", "origin": [-3, 8, 9]},
			"faces": {
				"north": {"uv": [8, 14, 10, 16], "texture": "#eye"},
				"east": {"uv": [8, 14, 10, 16], "texture": "#eye"},
				"south": {"uv": [8, 14, 10, 16], "texture": "#eye"},
				"west": {"uv": [8, 14, 10, 16], "texture": "#eye"},
				"up": {"uv": [0, 5, 1, 10], "texture": "#eye", "cullface": "up"}
			}
		},
		{
			"from": [10, 13, 2],
			"to": [12, 16, 12],
			"rotation": {"angle": 0, "axis": "y", "origin": [9, 8, 7]},
			"faces": {
				"north": {"uv": [8, 14, 10, 16], "texture": "#eye"},
				"east": {"uv": [8, 14, 10, 16], "texture": "#eye"},
				"south": {"uv": [8, 14, 10, 16], "texture": "#eye"},
				"west": {"uv": [8, 14, 10, 16], "texture": "#eye"},
				"up": {"uv": [10, 1, 12, 11], "texture": "#eye", "cullface": "up"}
			}
		},
		{
			"from": [12, 13, 3],
			"to": [13, 16, 12],
			"rotation": {"angle": 0, "axis": "y", "origin": [10, 8, 7]},
			"faces": {
				"north": {"uv": [8, 14, 10, 16], "texture": "#eye"},
				"east": {"uv": [8, 14, 10, 16], "texture": "#eye"},
				"south": {"uv": [8, 14, 10, 16], "texture": "#eye"},
				"west": {"uv": [8, 14, 10, 16], "texture": "#eye"},
				"up": {"uv": [12, 2, 13, 11], "texture": "#eye", "cullface": "up"}
			}
		},
		{
			"from": [13, 13, 4],
			"to": [14, 16, 11],
			"rotation": {"angle": 0, "axis": "y", "origin": [11, 8, 7]},
			"faces": {
				"north": {"uv": [8, 14, 10, 16], "texture": "#eye"},
				"east": {"uv": [8, 14, 10, 16], "texture": "#eye"},
				"south": {"uv": [8, 14, 10, 16], "texture": "#eye"},
				"west": {"uv": [8, 14, 10, 16], "texture": "#eye"},
				"up": {"uv": [13, 3, 14, 10], "texture": "#eye", "cullface": "up"}
			}
		},
		{
			"from": [14, 13, 5],
			"to": [15, 16, 11],
			"rotation": {"angle": 0, "axis": "y", "origin": [12, 8, 7]},
			"faces": {
				"north": {"uv": [8, 14, 10, 16], "texture": "#eye"},
				"east": {"uv": [8, 14, 10, 16], "texture": "#eye"},
				"south": {"uv": [8, 14, 10, 16], "texture": "#eye"},
				"west": {"uv": [8, 14, 10, 16], "texture": "#eye"},
				"up": {"uv": [14, 4, 15, 10], "texture": "#eye", "cullface": "up"}
			}
		},
		{
			"from": [15, 13, 6],
			"to": [16, 16, 10],
			"rotation": {"angle": 0, "axis": "y", "origin": [13, 8, 7]},
			"faces": {
				"north": {"uv": [8, 14, 10, 16], "texture": "#eye"},
				"east": {"uv": [8, 14, 10, 16], "texture": "#eye"},
				"south": {"uv": [8, 14, 10, 16], "texture": "#eye"},
				"west": {"uv": [8, 14, 10, 16], "texture": "#eye"},
				"up": {"uv": [15, 5, 16, 9], "texture": "#eye", "cullface": "up"}
			}
		}
	]
}