{
	"credit": "Modeled by NoMoreBrine using Blockbench",
	
	"elements": [
		{
			"from": [14, 5, 15.5],
			"to": [15, 10, 15.75],
			"rotation": {"angle": 0, "axis": "y", "origin": [8, 7.78125, 15.5]},
			"faces": {
				"north": {"uv": [1, 6, 2, 11], "texture": "#back"},
				"east": {"uv": [3.5, 5, 3.5, 7.5], "texture": "#back"},
				"south": {"uv": [1, 6, 2, 11], "texture": "#back"},
				"west": {"uv": [4, 5, 4, 7.5], "texture": "#missing"},
				"up": {"uv": [4, 5, 3.5, 5], "texture": "#back"},
				"down": {"uv": [4.5, 5, 4, 5], "texture": "#back"}
			}
		},
		{
			"from": [13, 4, 15.5],
			"to": [14, 10, 15.75],
			"rotation": {"angle": 0, "axis": "y", "origin": [8, 7.78125, 15.5]},
			"faces": {
				"north": {"uv": [2, 6, 3, 12], "texture": "#back"},
				"east": {"uv": [5, 4.5, 5, 7.5], "texture": "#back"},
				"south": {"uv": [2, 6, 3, 12], "texture": "#back"},
				"west": {"uv": [5.5, 4.5, 5.5, 7.5], "texture": "#missing"},
				"up": {"uv": [5.5, 4.5, 5, 4.5], "texture": "#back"},
				"down": {"uv": [6, 4.5, 5.5, 4.5], "texture": "#back"}
			}
		},
		{
			"from": [6, 4, 15.5],
			"to": [9, 12, 15.75],
			"rotation": {"angle": 0, "axis": "y", "origin": [8, 7.78125, 15.5]},
			"faces": {
				"north": {"uv": [7, 4, 10, 12], "texture": "#back"},
				"east": {"uv": [2, 3, 2, 7], "texture": "#back"},
				"south": {"uv": [7, 12, 10, 4], "rotation": 180, "texture": "#back"},
				"west": {"uv": [2.5, 3, 2.5, 7], "texture": "#back"},
				"up": {"uv": [2.5, 3, 2, 3], "texture": "#back"},
				"down": {"uv": [3, 3, 2.5, 3], "texture": "#back"}
			}
		},
		{
			"from": [12, 3, 15.5],
			"to": [13, 10, 15.75],
			"rotation": {"angle": 0, "axis": "y", "origin": [8, 7.78125, 15.5]},
			"faces": {
				"north": {"uv": [3, 6, 4, 13], "texture": "#back"},
				"east": {"uv": [2, 4, 2, 7.5], "texture": "#back"},
				"south": {"uv": [3, 6, 4, 13], "texture": "#back"},
				"west": {"uv": [2.5, 4, 2.5, 7.5], "texture": "#missing"},
				"up": {"uv": [2.5, 4, 2, 4], "texture": "#back"},
				"down": {"uv": [3, 4, 2.5, 4], "texture": "#back"}
			}
		},
		{
			"from": [4, 5, 15.5],
			"to": [6, 13, 15.75],
			"rotation": {"angle": 0, "axis": "y", "origin": [8, 7.78125, 15.5]},
			"faces": {
				"north": {"uv": [10, 3, 12, 11], "texture": "#back"},
				"east": {"uv": [1.5, 3, 1.5, 7], "texture": "#back"},
				"south": {"uv": [10, 11, 12, 3], "rotation": 180, "texture": "#back"},
				"west": {"uv": [2, 3, 2, 7], "texture": "#missing"},
				"up": {"uv": [2, 3, 1.5, 3], "texture": "#back"},
				"down": {"uv": [2.5, 3, 2, 3], "texture": "#back"}
			}
		},
		{
			"from": [3, 5, 15.5],
			"to": [4, 12, 15.75],
			"rotation": {"angle": 0, "axis": "y", "origin": [8, 7.78125, 15.5]},
			"faces": {
				"north": {"uv": [12, 4, 13, 11], "texture": "#back"},
				"east": {"uv": [2, 3.5, 2, 7], "texture": "#missing"},
				"south": {"uv": [12, 4, 13, 11], "texture": "#back"},
				"west": {"uv": [2.5, 3.5, 2.5, 7], "texture": "#back"},
				"up": {"uv": [2.5, 3.5, 2, 3.5], "texture": "#back"},
				"down": {"uv": [3, 3.5, 2.5, 3.5], "texture": "#back"}
			}
		},
		{
			"from": [2, 6, 15.5],
			"to": [3, 11, 15.75],
			"rotation": {"angle": 0, "axis": "y", "origin": [8, 7.78125, 15.5]},
			"faces": {
				"north": {"uv": [13, 5, 14, 10], "texture": "#back"},
				"east": {"uv": [2, 5, 2, 7.5], "texture": "#missing"},
				"south": {"uv": [13, 5, 14, 10], "texture": "#back"},
				"west": {"uv": [2.5, 5, 2.5, 7.5], "texture": "#back"},
				"up": {"uv": [2.5, 5, 2, 5], "texture": "#back"},
				"down": {"uv": [3, 5, 2.5, 5], "texture": "#back"}
			}
		},
		{
			"from": [1, 6, 15.5],
			"to": [2, 10, 15.75],
			"rotation": {"angle": 0, "axis": "y", "origin": [1.5, 8, 15.625]},
			"faces": {
				"north": {"uv": [14, 6, 15, 10], "texture": "#back"},
				"east": {"uv": [3.5, 5.5, 3.5, 7.5], "texture": "#missing"},
				"south": {"uv": [14, 6, 15, 10], "texture": "#back"},
				"west": {"uv": [4, 5.5, 4, 7.5], "texture": "#back"},
				"up": {"uv": [4, 5.5, 3.5, 5.5], "texture": "#back"},
				"down": {"uv": [4.5, 5.5, 4, 5.5], "texture": "#back"}
			}
		},
		{
			"from": [9, 3, 15.5],
			"to": [12, 11, 15.75],
			"rotation": {"angle": 0, "axis": "y", "origin": [8, 7.78125, 15.5]},
			"faces": {
				"north": {"uv": [4, 5, 7, 13], "texture": "#back"},
				"east": {"uv": [1.5, 3.5, 1.5, 7.5], "texture": "#back"},
				"south": {"uv": [7, 5, 4, 13], "texture": "#back"},
				"west": {"uv": [2, 3.5, 2, 7.5], "texture": "#back"},
				"up": {"uv": [2, 3.5, 1.5, 3.5], "texture": "#back"},
				"down": {"uv": [2.5, 3.5, 2, 3.5], "texture": "#back"}
			}
		},
		{
			"from": [15, 5, 15],
			"to": [16, 10, 16],
			"rotation": {"angle": 0, "axis": "y", "origin": [8, 7.78125, 15.5]},
			"faces": {
				"north": {"uv": [0, 6, 1, 11], "texture": "#wood"},
				"east": {"uv": [0, 6, 1, 11], "texture": "#wood"},
				"south": {"uv": [0, 6, 1, 11], "texture": "#wood"},
				"west": {"uv": [0, 6, 1, 11], "texture": "#wood"},
				"up": {"uv": [0, 6, 1, 7], "texture": "#wood"},
				"down": {"uv": [0, 10, 1, 11], "texture": "#wood"}
			}
		},
		{
			"from": [6, 3, 15],
			"to": [9, 4, 16],
			"rotation": {"angle": 0, "axis": "y", "origin": [1, 5.78125, 15.5]},
			"faces": {
				"north": {"uv": [0, 12, 3, 13], "texture": "#wood"},
				"east": {"uv": [0, 12, 1, 13], "texture": "#wood"},
				"south": {"uv": [0, 12, 3, 13], "texture": "#wood"},
				"west": {"uv": [2, 12, 3, 13], "texture": "#wood"},
				"up": {"uv": [0, 12, 3, 13], "texture": "#wood"},
				"down": {"uv": [0, 12, 3, 13], "texture": "#wood"}
			}
		},
		{
			"from": [3, 4, 15],
			"to": [6, 5, 16],
			"rotation": {"angle": 0, "axis": "y", "origin": [-2, 6.78125, 15.5]},
			"faces": {
				"north": {"uv": [0, 11, 3, 12], "texture": "#wood"},
				"east": {"uv": [0, 11, 1, 12], "texture": "#wood"},
				"south": {"uv": [0, 11, 3, 12], "texture": "#wood"},
				"west": {"uv": [2, 11, 3, 12], "texture": "#wood"},
				"up": {"uv": [0, 11, 3, 12], "texture": "#wood"},
				"down": {"uv": [0, 11, 3, 12], "texture": "#wood"}
			}
		},
		{
			"from": [1, 5, 15],
			"to": [3, 6, 16],
			"rotation": {"angle": 0, "axis": "y", "origin": [-5, 7.78125, 15.5]},
			"faces": {
				"north": {"uv": [0, 10, 2, 11], "texture": "#wood"},
				"east": {"uv": [0, 10, 1, 11], "texture": "#wood"},
				"south": {"uv": [0, 10, 2, 11], "texture": "#wood"},
				"west": {"uv": [1, 10, 2, 11], "texture": "#wood"},
				"up": {"uv": [0, 10, 2, 11], "texture": "#wood"},
				"down": {"uv": [0, 10, 2, 11], "texture": "#wood"}
			}
		},
		{
			"from": [9, 2, 15],
			"to": [13, 3, 16],
			"rotation": {"angle": 0, "axis": "y", "origin": [5, 4.78125, 15.5]},
			"faces": {
				"north": {"uv": [0, 13, 4, 14], "texture": "#wood"},
				"east": {"uv": [0, 13, 1, 14], "texture": "#wood"},
				"south": {"uv": [0, 13, 4, 14], "texture": "#wood"},
				"west": {"uv": [3, 13, 4, 14], "texture": "#wood"},
				"up": {"uv": [0, 13, 4, 14], "texture": "#wood"},
				"down": {"uv": [0, 13, 4, 14], "texture": "#wood"}
			}
		},
		{
			"from": [14, 4, 15],
			"to": [15, 5, 16],
			"rotation": {"angle": 0, "axis": "y", "origin": [7, 6.78125, 15.5]},
			"faces": {
				"north": {"uv": [0, 11, 1, 12], "texture": "#wood"},
				"east": {"uv": [0, 11, 1, 12], "texture": "#wood"},
				"south": {"uv": [0, 11, 1, 12], "texture": "#wood"},
				"west": {"uv": [0, 11, 1, 12], "texture": "#wood"},
				"up": {"uv": [0, 11, 1, 12], "texture": "#wood"},
				"down": {"uv": [0, 11, 1, 12], "texture": "#wood"}
			}
		},
		{
			"from": [13, 3, 15],
			"to": [14, 4, 16],
			"rotation": {"angle": 0, "axis": "y", "origin": [6, 5.78125, 15.5]},
			"faces": {
				"north": {"uv": [0, 12, 1, 13], "texture": "#wood"},
				"east": {"uv": [0, 12, 1, 13], "texture": "#wood"},
				"south": {"uv": [0, 12, 1, 13], "texture": "#wood"},
				"west": {"uv": [0, 12, 1, 13], "texture": "#wood"},
				"up": {"uv": [0, 12, 1, 13], "texture": "#wood"},
				"down": {"uv": [0, 12, 1, 13], "texture": "#wood"}
			}
		},
		{
			"from": [12, 10, 15],
			"to": [15, 11, 16],
			"rotation": {"angle": 0, "axis": "y", "origin": [7, 12.78125, 15.5]},
			"faces": {
				"north": {"uv": [0, 5, 3, 6], "texture": "#wood"},
				"east": {"uv": [0, 8, 1, 9], "texture": "#wood"},
				"south": {"uv": [0, 5, 3, 6], "texture": "#wood"},
				"west": {"uv": [2, 8, 3, 9], "texture": "#wood"},
				"up": {"uv": [0, 5, 3, 6], "texture": "#wood"},
				"down": {"uv": [0, 5, 3, 6], "texture": "#wood"}
			}
		},
		{
			"from": [1, 10, 15],
			"to": [2, 11, 16],
			"rotation": {"angle": 0, "axis": "y", "origin": [-5, 12.78125, 15.5]},
			"faces": {
				"north": {"uv": [0, 5, 1, 6], "texture": "#wood"},
				"east": {"uv": [0, 5, 1, 6], "texture": "#wood"},
				"south": {"uv": [0, 5, 1, 6], "texture": "#wood"},
				"west": {"uv": [0, 5, 1, 6], "texture": "#wood"},
				"up": {"uv": [0, 5, 1, 6], "texture": "#wood"},
				"down": {"uv": [0, 5, 1, 6], "texture": "#wood"}
			}
		},
		{
			"from": [9, 11, 15],
			"to": [12, 12, 16],
			"rotation": {"angle": 0, "axis": "y", "origin": [4, 13.78125, 15.5]},
			"faces": {
				"north": {"uv": [0, 4, 3, 5], "texture": "#wood"},
				"east": {"uv": [9, 12, 10, 13], "texture": "#wood"},
				"south": {"uv": [0, 4, 3, 5], "texture": "#wood"},
				"west": {"uv": [11, 12, 12, 13], "texture": "#wood"},
				"up": {"uv": [0, 4, 3, 5], "texture": "#wood"},
				"down": {"uv": [0, 4, 3, 5], "texture": "#wood"}
			}
		},
		{
			"from": [6, 12, 15],
			"to": [9, 13, 16],
			"rotation": {"angle": 0, "axis": "y", "origin": [1, 14.78125, 15.5]},
			"faces": {
				"north": {"uv": [0, 3, 3, 4], "texture": "#wood"},
				"east": {"uv": [0, 3, 1, 4], "texture": "#wood"},
				"south": {"uv": [0, 3, 3, 4], "texture": "#wood"},
				"west": {"uv": [2, 3, 3, 4], "texture": "#wood"},
				"up": {"uv": [0, 3, 3, 4], "texture": "#wood"},
				"down": {"uv": [0, 3, 3, 4], "texture": "#wood"}
			}
		},
		{
			"from": [4, 13, 15],
			"to": [6, 14, 16],
			"rotation": {"angle": 0, "axis": "y", "origin": [-2, 15.78125, 15.5]},
			"faces": {
				"north": {"uv": [0, 2, 2, 3], "texture": "#wood"},
				"east": {"uv": [1, 2, 2, 3], "texture": "#wood"},
				"south": {"uv": [0, 2, 2, 3], "texture": "#wood"},
				"west": {"uv": [0, 2, 1, 3], "texture": "#wood"},
				"up": {"uv": [0, 2, 2, 3], "texture": "#wood"},
				"down": {"uv": [0, 2, 2, 3], "texture": "#wood"}
			}
		},
		{
			"from": [3, 12, 15],
			"to": [4, 13, 16],
			"rotation": {"angle": 0, "axis": "y", "origin": [-4, 14.78125, 15.5]},
			"faces": {
				"north": {"uv": [0, 3, 1, 4], "texture": "#wood"},
				"east": {"uv": [0, 3, 1, 4], "texture": "#wood"},
				"south": {"uv": [0, 3, 1, 4], "texture": "#wood"},
				"west": {"uv": [0, 3, 1, 4], "texture": "#wood"},
				"up": {"uv": [0, 3, 1, 4], "texture": "#wood"},
				"down": {"uv": [0, 3, 1, 4], "texture": "#wood"}
			}
		},
		{
			"from": [0, 6, 15],
			"to": [1, 10, 16],
			"rotation": {"angle": 0, "axis": "y", "origin": [-7, 11.78125, 15.5]},
			"faces": {
				"north": {"uv": [0, 6, 1, 10], "texture": "#wood"},
				"east": {"uv": [0, 6, 1, 10], "texture": "#wood"},
				"south": {"uv": [0, 6, 1, 10], "texture": "#wood"},
				"west": {"uv": [0, 6, 1, 10], "texture": "#wood"},
				"up": {"uv": [0, 6, 1, 7], "texture": "#wood"},
				"down": {"uv": [0, 9, 1, 10], "texture": "#wood"}
			}
		},
		{
			"from": [2, 11, 15],
			"to": [3, 12, 16],
			"rotation": {"angle": 0, "axis": "y", "origin": [-5, 13.78125, 15.5]},
			"faces": {
				"north": {"uv": [0, 4, 1, 5], "texture": "#wood"},
				"east": {"uv": [0, 4, 1, 5], "texture": "#wood"},
				"south": {"uv": [0, 4, 1, 5], "texture": "#wood"},
				"west": {"uv": [0, 4, 1, 5], "texture": "#wood"},
				"up": {"uv": [0, 4, 1, 5], "texture": "#wood"},
				"down": {"uv": [0, 4, 1, 5], "texture": "#wood"}
			}
		}
	],
	"groups": [
		{
			"name": "Ingot",
			"origin": [-4, 2, 5],
			"children": [0, 1, 2, 3, 4, 5, 6, 7, 8]
		},
		{
			"name": "Frame",
			"origin": [8, 8, 8],
			"children": [9, 10, 11, 12, 13, 14, 15, 16, 17, 18, 19, 20, 21, 22, 23]
		}
	]
}