{
	"credit": "Modeled by NoMoreBrine using Blockbench",
	"textures": {
		"0": "item/iron_sword",
		"1": "item/iron_sword_reverse",
		"particle": "item/iron_sword"
	},
	"elements": [
		{
			"from": [0, 8, 12],
			"to": [2, 9, 14],
			"rotation": {"angle": 0, "axis": "y", "origin": [-5, 0, 6]},
			"faces": {
				"north": {"uv": [14, 12, 16, 13], "texture": "#1"},
				"east": {"uv": [1, 12, 2, 14], "rotation": 90, "texture": "#0"},
				"south": {"uv": [14, 13, 16, 14], "rotation": 180, "texture": "#1"},
				"west": {"uv": [0, 12, 1, 14], "rotation": 270, "texture": "#0"},
				"up": {"uv": [0, 12, 2, 14], "texture": "#0"},
				"down": {"uv": [14, 12, 16, 14], "rotation": 180, "texture": "#1"}
			}
		},
		{
			"from": [1, 8, 11],
			"to": [13, 9, 12],
			"rotation": {"angle": 0, "axis": "y", "origin": [8, 0, 8]},
			"faces": {
				"north": {"uv": [0, 0, 12, 1], "texture": "#missing"},
				"east": {"uv": [12, 11, 13, 12], "texture": "#0"},
				"south": {"uv": [3, 11, 15, 12], "rotation": 180, "texture": "#1"},
				"west": {"uv": [1, 11, 2, 12], "texture": "#0"},
				"up": {"uv": [1, 11, 13, 12], "texture": "#0"},
				"down": {"uv": [3, 11, 15, 12], "rotation": 180, "texture": "#1"}
			}
		},
		{
			"from": [4, 8, 4],
			"to": [14, 9, 5],
			"rotation": {"angle": 0, "axis": "y", "origin": [8, 0, 8]},
			"faces": {
				"north": {"uv": [4, 4, 14, 5], "rotation": 180, "texture": "#0"},
				"east": {"uv": [13, 4, 14, 5], "texture": "#0"},
				"south": {"uv": [0, 0, 10, 1], "texture": "#missing"},
				"west": {"uv": [4, 4, 5, 5], "texture": "#0"},
				"up": {"uv": [4, 4, 14, 5], "texture": "#0"},
				"down": {"uv": [2, 4, 12, 5], "rotation": 180, "texture": "#1"}
			}
		},
		{
			"from": [7, 8, 3],
			"to": [13, 9, 4],
			"rotation": {"angle": 0, "axis": "y", "origin": [8, 0, 8]},
			"faces": {
				"north": {"uv": [7, 3, 13, 4], "rotation": 180, "texture": "#0"},
				"east": {"uv": [12, 3, 13, 4], "texture": "#0"},
				"south": {"uv": [0, 0, 6, 1], "texture": "#missing"},
				"west": {"uv": [7, 3, 8, 4], "texture": "#0"},
				"up": {"uv": [7, 3, 13, 4], "texture": "#0"},
				"down": {"uv": [3, 3, 9, 4], "rotation": 180, "texture": "#1"}
			}
		},
		{
			"from": [0, 8, 10],
			"to": [15, 9, 11],
			"rotation": {"angle": 0, "axis": "y", "origin": [8, 0, 8]},
			"faces": {
				"north": {"uv": [0, 0, 15, 1], "texture": "#missing"},
				"east": {"uv": [14, 10, 15, 11], "texture": "#0"},
				"south": {"uv": [1, 10, 16, 11], "rotation": 180, "texture": "#1"},
				"west": {"uv": [0, 10, 1, 11], "texture": "#0"},
				"up": {"uv": [0, 10, 15, 11], "texture": "#0"},
				"down": {"uv": [1, 10, 16, 11], "rotation": 180, "texture": "#1"}
			}
		},
		{
			"from": [1, 8, 5],
			"to": [15, 9, 6],
			"rotation": {"angle": 0, "axis": "y", "origin": [8, 0, 8]},
			"faces": {
				"north": {"uv": [1, 5, 15, 6], "rotation": 180, "texture": "#0"},
				"east": {"uv": [15, 6, 16, 7], "texture": "#0"},
				"south": {"uv": [0, 0, 14, 1], "texture": "#missing"},
				"west": {"uv": [4, 4, 5, 5], "texture": "#0"},
				"up": {"uv": [1, 5, 15, 6], "texture": "#0"},
				"down": {"uv": [1, 5, 15, 6], "rotation": 180, "texture": "#1"}
			}
		},
		{
			"from": [10, 8, 2],
			"to": [12, 9, 3],
			"rotation": {"angle": 0, "axis": "y", "origin": [11, 0.5, 2.5]},
			"faces": {
				"north": {"uv": [10, 2, 12, 3], "texture": "#0"},
				"east": {"uv": [11, 2, 12, 3], "texture": "#0"},
				"south": {"uv": [0, 0, 2, 1], "texture": "#missing"},
				"west": {"uv": [10, 2, 11, 3], "texture": "#0"},
				"up": {"uv": [10, 2, 12, 3], "texture": "#0"},
				"down": {"uv": [4, 2, 6, 3], "texture": "#1"}
			}
		},
		{
			"from": [3, 8, 13],
			"to": [7, 9, 14],
			"rotation": {"angle": 0, "axis": "y", "origin": [8, 0, 8]},
			"faces": {
				"north": {"uv": [0, 0, 4, 1], "texture": "#missing"},
				"east": {"uv": [9, 13, 10, 14], "texture": "#1"},
				"south": {"uv": [9, 13, 13, 14], "rotation": 180, "texture": "#1"},
				"west": {"uv": [3, 13, 4, 14], "texture": "#0"},
				"up": {"uv": [3, 13, 7, 14], "texture": "#0"},
				"down": {"uv": [9, 13, 13, 14], "rotation": 180, "texture": "#1"}
			}
		},
		{
			"from": [2, 8, 12],
			"to": [10, 9, 13],
			"rotation": {"angle": 0, "axis": "y", "origin": [8, 0, 8]},
			"faces": {
				"north": {"uv": [0, 0, 9, 1], "texture": "#missing"},
				"east": {"uv": [9, 12, 10, 13], "texture": "#0"},
				"south": {"uv": [6, 12, 14, 13], "rotation": 180, "texture": "#1"},
				"west": {"uv": [2, 12, 3, 13], "texture": "#0"},
				"up": {"uv": [2, 12, 10, 13], "texture": "#0"},
				"down": {"uv": [6, 12, 14, 13], "rotation": 180, "texture": "#1"}
			}
		},
		{
			"from": [0, 8, 6],
			"to": [16, 9, 10],
			"rotation": {"angle": 0, "axis": "y", "origin": [8, 0, 8]},
			"faces": {
				"north": {"uv": [0, 6, 16, 7], "rotation": 180, "texture": "#0"},
				"east": {"uv": [15, 6, 16, 10], "rotation": 90, "texture": "#0"},
				"south": {"uv": [0, 8, 16, 9], "rotation": 180, "texture": "#1"},
				"west": {"uv": [0, 6, 1, 9.999], "texture": "#0"},
				"up": {"uv": [0, 6, 16, 10], "texture": "#0"},
				"down": {"uv": [0, 6, 16, 10], "rotation": 180, "texture": "#1"}
			}
		}
	],
	"gui_light": "front",
	"display": {
		"thirdperson_righthand": {
			"rotation": [150, 0, -90],
			"translation": [0, 6.25, 2.5],
			"scale": [0.75, 0.75, 0.75]
		},
		"thirdperson_lefthand": {
			"rotation": [150, 0, -90],
			"translation": [0, 6.25, 2.5],
			"scale": [-0.75, -0.75, 0.75]
		},
		"firstperson_righthand": {
			"rotation": [125, 0, -87],
			"translation": [2, 5.5, -1],
			"scale": [0.75, 0.75, 0.75]
		},
		"firstperson_lefthand": {
			"rotation": [125, 0, 87],
			"translation": [2, 5.5, -1],
			"scale": [0.75, 0.75, 0.75]
		},
		"ground": {
			"rotation": [90, 0, -90],
			"scale": [0.5, 0.5, 0.5]
		},
		"gui": {
			"rotation": [90, 0, 0]
		},
		"head": {
			"rotation": [87.25, 6.5, 90],
			"translation": [0, -14.75, -3.25]
		},
		"fixed": {
			"rotation": [-90, -180, 0]
		}
	},
	"groups": [
		{
			"name": "handle",
			"origin": [8, 0, 8],
			"children": [0]
		},
		{
			"name": "ingot",
			"origin": [8, 0, 8],
			"children": [1, 2, 3, 4, 5, 6, 7, 8, 9]
		}
	]
}