{
	"credit": "Modeled by NoMoreBrine using Blockbench",
	"textures": {
		"0": "item/netherite_shovel",
		"1": "item/netherite_shovel_reverse",
		"particle": "item/netherite_shovel"
	},
	"elements": [
		{
			"from": [0, 8, 15],
			"to": [2, 9, 16],
			"rotation": {"angle": 0, "axis": "y", "origin": [-3, 0, 10]},
			"faces": {
				"east": {"uv": [1, 14, 2, 15], "rotation": 90, "texture": "#0"},
				"south": {"uv": [14, 14, 16, 15], "rotation": 180, "texture": "#1"},
				"west": {"uv": [0, 14, 1, 15], "rotation": 270, "texture": "#0"},
				"up": {"uv": [0, 14, 2, 15], "texture": "#0"},
				"down": {"uv": [14, 14, 16, 15], "rotation": 180, "texture": "#1"}
			}
		},
		{
			"from": [0, 8, 14],
			"to": [3, 9, 15],
			"rotation": {"angle": 0, "axis": "y", "origin": [5, 0, 9]},
			"faces": {
				"north": {"uv": [13, 13, 16, 14], "texture": "#1"},
				"east": {"uv": [13, 13, 14, 14], "texture": "#1"},
				"south": {"uv": [13, 13, 16, 14], "rotation": 180, "texture": "#1"},
				"west": {"uv": [0, 13, 1, 14], "texture": "#0"},
				"up": {"uv": [0, 13, 3, 14], "texture": "#0"},
				"down": {"uv": [13, 13, 16, 14], "rotation": 180, "texture": "#1"}
			}
		},
		{
			"from": [1, 8, 13],
			"to": [4, 9, 14],
			"rotation": {"angle": 0, "axis": "y", "origin": [6, 0, 8]},
			"faces": {
				"north": {"uv": [12, 12, 15, 13], "texture": "#1"},
				"east": {"uv": [13, 13, 14, 14], "texture": "#1"},
				"south": {"uv": [12, 12, 15, 13], "rotation": 180, "texture": "#1"},
				"west": {"uv": [0, 13, 1, 14], "texture": "#0"},
				"up": {"uv": [1, 12, 4, 13], "texture": "#0"},
				"down": {"uv": [12, 12, 15, 13], "rotation": 180, "texture": "#1"}
			}
		},
		{
			"from": [2, 8, 12],
			"to": [5, 9, 13],
			"rotation": {"angle": 0, "axis": "y", "origin": [7, 0, 7]},
			"faces": {
				"north": {"uv": [11, 11, 14, 12], "texture": "#1"},
				"east": {"uv": [13, 13, 14, 14], "texture": "#1"},
				"south": {"uv": [12, 12, 15, 13], "rotation": 180, "texture": "#1"},
				"west": {"uv": [0, 13, 1, 14], "texture": "#0"},
				"up": {"uv": [2, 11, 5, 12], "texture": "#0"},
				"down": {"uv": [11, 11, 14, 12], "rotation": 180, "texture": "#1"}
			}
		},
		{
			"from": [3, 8, 11],
			"to": [6, 9, 12],
			"rotation": {"angle": 0, "axis": "y", "origin": [8, 0, 6]},
			"faces": {
				"north": {"uv": [10, 10, 13, 11], "texture": "#1"},
				"east": {"uv": [13, 13, 14, 14], "texture": "#1"},
				"south": {"uv": [12, 12, 15, 13], "rotation": 180, "texture": "#1"},
				"west": {"uv": [0, 13, 1, 14], "texture": "#0"},
				"up": {"uv": [3, 10, 6, 11], "texture": "#0"},
				"down": {"uv": [10, 10, 13, 11], "rotation": 180, "texture": "#1"}
			}
		},
		{
			"from": [8, 8, 10],
			"to": [12, 9, 11],
			"rotation": {"angle": 0, "axis": "y", "origin": [13, 0, 5]},
			"faces": {
				"east": {"uv": [4, 9, 5, 10], "texture": "#1"},
				"south": {"uv": [4, 9, 8, 10], "rotation": 180, "texture": "#1"},
				"west": {"uv": [8, 9, 9, 10], "texture": "#0"},
				"up": {"uv": [8, 9, 12, 10], "texture": "#0"},
				"down": {"uv": [4, 9, 8, 10], "rotation": 180, "texture": "#1"}
			}
		},
		{
			"from": [4, 8, 10],
			"to": [7, 9, 11],
			"rotation": {"angle": 0, "axis": "y", "origin": [9, 0, 5]},
			"faces": {
				"north": {"uv": [9, 9, 12, 10], "texture": "#1"},
				"east": {"uv": [13, 13, 14, 14], "texture": "#1"},
				"south": {"uv": [12, 12, 15, 13], "rotation": 180, "texture": "#1"},
				"west": {"uv": [0, 13, 1, 14], "texture": "#0"},
				"up": {"uv": [4, 9, 7, 10], "texture": "#0"},
				"down": {"uv": [9, 9, 12, 10], "rotation": 180, "texture": "#1"}
			}
		},
		{
			"from": [5, 8, 9],
			"to": [15, 9, 10],
			"rotation": {"angle": 0, "axis": "y", "origin": [10, 0, 4]},
			"faces": {
				"north": {"uv": [1, 8, 11, 9], "texture": "#1"},
				"east": {"uv": [1, 8, 2, 9], "texture": "#1"},
				"south": {"uv": [1, 8, 11, 9], "rotation": 180, "texture": "#1"},
				"west": {"uv": [5, 8, 6, 9], "texture": "#0"},
				"up": {"uv": [5, 8, 15, 9], "texture": "#0"},
				"down": {"uv": [1, 8, 11, 9], "rotation": 180, "texture": "#1"}
			}
		},
		{
			"from": [6, 8, 8],
			"to": [16, 9, 9],
			"rotation": {"angle": 0, "axis": "y", "origin": [11, 0, 3]},
			"faces": {
				"east": {"uv": [1, 8, 2, 9], "texture": "#1"},
				"south": {"uv": [1, 8, 11, 9], "rotation": 180, "texture": "#1"},
				"west": {"uv": [5, 8, 6, 9], "texture": "#0"},
				"up": {"uv": [6, 7, 16, 8], "texture": "#0"},
				"down": {"uv": [0, 7, 10, 8], "rotation": 180, "texture": "#1"}
			}
		},
		{
			"from": [5, 8, 4],
			"to": [15, 9, 5],
			"rotation": {"angle": 0, "axis": "y", "origin": [10, 0, -1]},
			"faces": {
				"north": {"uv": [1, 3, 11, 4], "texture": "#1"},
				"east": {"uv": [1, 3, 2, 4], "texture": "#1"},
				"west": {"uv": [5, 3, 6, 4], "texture": "#0"},
				"up": {"uv": [5, 3, 15, 4], "texture": "#0"},
				"down": {"uv": [1, 3, 11, 4], "rotation": 180, "texture": "#1"}
			}
		},
		{
			"from": [5, 8, 3],
			"to": [14, 9, 4],
			"rotation": {"angle": 0, "axis": "y", "origin": [10, 0, -2]},
			"faces": {
				"north": {"uv": [2, 2, 11, 3], "texture": "#1"},
				"east": {"uv": [1, 3, 2, 4], "texture": "#1"},
				"west": {"uv": [5, 3, 6, 4], "texture": "#0"},
				"up": {"uv": [5, 2, 14, 3], "texture": "#0"},
				"down": {"uv": [2, 2, 11, 3], "rotation": 180, "texture": "#1"}
			}
		},
		{
			"from": [6, 8, 2],
			"to": [13, 9, 3],
			"rotation": {"angle": 0, "axis": "y", "origin": [10, 0, -3]},
			"faces": {
				"north": {"uv": [3, 1, 10, 2], "texture": "#1"},
				"east": {"uv": [1, 3, 2, 4], "texture": "#1"},
				"west": {"uv": [5, 3, 6, 4], "texture": "#0"},
				"up": {"uv": [6, 1, 13, 2], "texture": "#0"},
				"down": {"uv": [3, 1, 10, 2], "rotation": 180, "texture": "#1"}
			}
		},
		{
			"from": [9, 8, 1],
			"to": [12, 9, 2],
			"rotation": {"angle": 0, "axis": "y", "origin": [10, 0, -4]},
			"faces": {
				"north": {"uv": [4, 0, 7, 1], "texture": "#1"},
				"east": {"uv": [1, 3, 2, 4], "texture": "#1"},
				"west": {"uv": [5, 3, 6, 4], "texture": "#0"},
				"up": {"uv": [9, 0, 12, 1], "texture": "#0"},
				"down": {"uv": [4, 0, 7, 1], "rotation": 180, "texture": "#1"}
			}
		},
		{
			"from": [5, 8, 5],
			"to": [16, 9, 8],
			"rotation": {"angle": 0, "axis": "y", "origin": [11, 0, 2]},
			"faces": {
				"north": {"uv": [0, 4, 11, 5], "texture": "#1"},
				"east": {"uv": [0, 5, 1, 8], "texture": "#1"},
				"south": {"uv": [1, 8, 11, 9], "rotation": 180, "texture": "#1"},
				"west": {"uv": [5, 4, 6, 7], "texture": "#0"},
				"up": {"uv": [5, 4, 16, 7], "texture": "#0"},
				"down": {"uv": [0, 4, 11, 7], "rotation": 180, "texture": "#1"}
			}
		}
	],
	"gui_light": "front",
	"display": {
		"thirdperson_righthand": {
			"rotation": [75, 0, 90],
			"translation": [-0.25, 5.5, 5.25],
			"scale": [0.75, 0.75, 0.75]
		},
		"thirdperson_lefthand": {
			"rotation": [75, 0, 90],
			"translation": [-1, 6.25, 5.75],
			"scale": [-0.75, -0.75, 0.75]
		},
		"firstperson_righthand": {
			"rotation": [55, 0, 90],
			"translation": [0, 6.5, 0.5],
			"scale": [0.75, 0.75, 0.75]
		},
		"firstperson_lefthand": {
			"rotation": [55, 0, -90],
			"translation": [0, 6.5, 0.5],
			"scale": [0.75, 0.75, 0.75]
		},
		"ground": {
			"rotation": [90, 0, -90],
			"scale": [0.5, 0.5, 0.5]
		},
		"gui": {
			"rotation": [90, 0, 0]
		},
		"head": {
			"rotation": [-83, 120, 0],
			"translation": [2.75, 10.75, 0.75]
		},
		"fixed": {
			"rotation": [-90, -180, 0]
		}
	}
}