{
	"credit": "Made by NeutronForge",
	"textures": {
		"0": "item/shield_ingot_handle",
		"1": "item/shield_ingot_front",
		"2": "item/shield_ingot_back",
		"particle": "item/shield_ingot_front"
	},
	"elements": [
		{
			"from": [7, 5, 0],
			"to": [9, 11, 6],
			"rotation": {"angle": 0, "axis": "y", "origin": [8, 8, 0.5]},
			"faces": {
				"north": {"uv": [7.75, 1.5, 8, 3], "texture": "#0"},
				"east": {"uv": [6.5, 1.5, 8, 3], "texture": "#0"},
				"south": {"uv": [7.75, 1.5, 8, 3], "texture": "#0"},
				"west": {"uv": [8.5, 1.5, 10, 3], "texture": "#0"},
				"up": {"uv": [7.75, 1.5, 8, 3], "texture": "#0"},
				"down": {"uv": [7.75, 1.5, 8, 3], "texture": "#0"}
			}
		},
		{
			"from": [0, 6, 6],
			"to": [16, 10, 7],
			"rotation": {"angle": 0, "axis": "y", "origin": [7.94444, 8, 6.5]},
			"faces": {
				"north": {"uv": [0, 6, 16, 9.998], "texture": "#2"},
				"east": {"uv": [0, 6, 1, 9.999], "texture": "#2"},
				"south": {"uv": [0, 6, 16, 10], "texture": "#1"},
				"west": {"uv": [4, 2, 5, 3], "texture": "#2"},
				"up": {"uv": [4, 2, 4.999, 2.999], "texture": "#2"},
				"down": {"uv": [0, 9, 1, 10], "texture": "#2"}
			}
		},
		{
			"from": [0, 5, 6],
			"to": [15, 6, 7],
			"rotation": {"angle": 0, "axis": "y", "origin": [7.94444, 8, 6.5]},
			"faces": {
				"north": {"uv": [1, 10, 16, 11], "texture": "#2"},
				"east": {"uv": [0, 9, 1, 9.999], "texture": "#2"},
				"south": {"uv": [0, 10, 15, 11], "texture": "#1"},
				"west": {"uv": [4, 2, 5, 3], "texture": "#2"},
				"up": {"uv": [0, 0, 16, 1], "texture": "#missing"},
				"down": {"uv": [1, 10, 16, 11], "rotation": 180, "texture": "#2"}
			}
		},
		{
			"from": [1, 10, 6],
			"to": [15, 11, 7],
			"rotation": {"angle": 0, "axis": "y", "origin": [7.94444, 8, 6.5]},
			"faces": {
				"north": {"uv": [1, 5, 15, 6], "texture": "#2"},
				"east": {"uv": [4, 2, 5, 3], "texture": "#2"},
				"south": {"uv": [1, 5, 15, 6], "texture": "#1"},
				"west": {"uv": [4, 2, 5, 3], "texture": "#2"},
				"up": {"uv": [4, 2, 5, 3], "texture": "#2"},
				"down": {"uv": [0, 0, 16, 1], "texture": "#missing"}
			}
		},
		{
			"from": [4, 11, 6],
			"to": [14, 12, 7],
			"rotation": {"angle": 0, "axis": "y", "origin": [7.94444, 8, 6.5]},
			"faces": {
				"north": {"uv": [2, 4, 11.998, 5], "texture": "#2"},
				"east": {"uv": [4, 2, 5, 3], "texture": "#2"},
				"south": {"uv": [4, 4, 14, 5], "texture": "#1"},
				"west": {"uv": [4, 2, 5, 3], "texture": "#2"},
				"up": {"uv": [4, 2, 5, 3], "texture": "#2"},
				"down": {"uv": [0, 0, 16, 1], "texture": "#missing"}
			}
		},
		{
			"from": [7, 12, 6],
			"to": [13, 13, 7],
			"rotation": {"angle": 0, "axis": "y", "origin": [7.94444, 8, 6.5]},
			"faces": {
				"north": {"uv": [3, 3, 9, 4], "texture": "#2"},
				"east": {"uv": [4, 2, 5, 3], "texture": "#2"},
				"south": {"uv": [7, 3, 13, 4], "texture": "#1"},
				"west": {"uv": [4, 2, 5, 3], "texture": "#2"},
				"up": {"uv": [4, 2, 5, 3], "texture": "#2"},
				"down": {"uv": [0, 0, 16, 1], "texture": "#missing"}
			}
		},
		{
			"from": [10, 13, 6],
			"to": [12, 14, 7],
			"rotation": {"angle": 0, "axis": "y", "origin": [7.94444, 8, 6.5]},
			"faces": {
				"north": {"uv": [4, 2, 5, 3], "texture": "#2"},
				"east": {"uv": [4, 2, 5, 3], "texture": "#2"},
				"south": {"uv": [4, 2, 5, 3], "texture": "#2"},
				"west": {"uv": [4, 2, 5, 3], "texture": "#2"},
				"up": {"uv": [4, 2, 5, 3], "texture": "#2"},
				"down": {"uv": [4, 2, 5, 3], "texture": "#2"}
			}
		},
		{
			"from": [1, 4, 6],
			"to": [13, 5, 7],
			"rotation": {"angle": 0, "axis": "y", "origin": [7.94444, 8, 6.5]},
			"faces": {
				"north": {"uv": [3, 11, 15, 12], "texture": "#2"},
				"east": {"uv": [0, 9, 1, 10], "texture": "#2"},
				"south": {"uv": [1, 11, 13, 12], "texture": "#1"},
				"west": {"uv": [4, 2, 5, 3], "texture": "#2"},
				"up": {"uv": [0, 0, 16, 1], "texture": "#missing"},
				"down": {"uv": [3, 11, 14.999, 11.999], "rotation": 180, "texture": "#2"}
			}
		},
		{
			"from": [2, 3, 6],
			"to": [10, 4, 7],
			"rotation": {"angle": 0, "axis": "y", "origin": [7.94444, 8, 6.5]},
			"faces": {
				"north": {"uv": [6, 12, 13.999, 13], "texture": "#2"},
				"east": {"uv": [0, 9, 1, 10], "texture": "#2"},
				"south": {"uv": [2, 12, 10, 13], "texture": "#1"},
				"west": {"uv": [4, 2, 5, 3], "texture": "#2"},
				"up": {"uv": [0, 0, 16, 1], "texture": "#missing"},
				"down": {"uv": [6, 12, 13.999, 13], "rotation": 180, "texture": "#2"}
			}
		},
		{
			"from": [3, 2, 6],
			"to": [7, 3, 7],
			"rotation": {"angle": 0, "axis": "y", "origin": [7.94444, 8, 6.5]},
			"faces": {
				"north": {"uv": [9, 13, 13, 14], "texture": "#2"},
				"east": {"uv": [0, 9, 1, 10], "texture": "#2"},
				"south": {"uv": [3, 13, 7, 14], "texture": "#1"},
				"west": {"uv": [4, 2, 5, 3], "texture": "#2"},
				"up": {"uv": [0, 0, 16, 1], "texture": "#missing"},
				"down": {"uv": [9, 13, 13, 14], "rotation": 180, "texture": "#2"}
			}
		}
	],
	"gui_light": "front",
	"overrides": [
		{
			"predicate": {
				"blocking": 1
			},
			"model": "item/shield_blocking"
		}
	],
	"display": {
		"thirdperson_righthand": {
			"rotation": [0, 90, 0],
			"translation": [5, -2.5, 4]
		},
		"thirdperson_lefthand": {
			"rotation": [0, 90, 0],
			"translation": [5, -2.5, 4]
		},
		"firstperson_righthand": {
			"rotation": [0, -180, -90],
			"translation": [-1.5, -0.75, -0.5]
		},
		"firstperson_lefthand": {
			"rotation": [0, -180, -90],
			"translation": [-0.5, -1, -0.5]
		},
		"ground": {
			"rotation": [0, 0, -90],
			"translation": [0, 0.25, 1.75],
			"scale": [0.5, 0.5, 0.5]
		},
		"head": {
			"rotation": [0, -180, 0],
			"translation": [0, 0.75, -10.25],
			"scale": [1.28, 1.28, 1.28]
		},
		"fixed": {
			"rotation": [0, -180, 0],
			"translation": [0, 0, -3.75],
			"scale": [1.25, 1.25, 1.25]
		}
	}
}