{
	"credit": "Modeled by NoMoreBrine using Blockbench",
	"textures": {
		"0": "item/wooden_hoe",
		"1": "item/wooden_hoe_reverse",
		"particle": "item/wooden_hoe"
	},
	"elements": [
		{
			"from": [13, 8, 14],
			"to": [15, 9, 16],
			"rotation": {"angle": 0, "axis": "y", "origin": [8, 0, 8]},
			"faces": {
				"north": {"uv": [1, 14, 3, 15], "texture": "#1"},
				"east": {"uv": [14, 14, 15, 16], "rotation": 90, "texture": "#0"},
				"south": {"uv": [1, 15, 3, 16], "texture": "#1"},
				"west": {"uv": [13, 14, 13.999, 16], "rotation": 270, "texture": "#0"},
				"up": {"uv": [13, 14, 15, 16], "texture": "#0"},
				"down": {"uv": [1, 14, 3, 16], "rotation": 180, "texture": "#1"}
			}
		},
		{
			"from": [11, 8, 12],
			"to": [13, 9, 14],
			"rotation": {"angle": 0, "axis": "y", "origin": [8, 0, 8]},
			"faces": {
				"north": {"uv": [2, 13, 4, 14], "texture": "#1"},
				"east": {"uv": [12, 12, 13, 14], "rotation": 90, "texture": "#0"},
				"south": {"uv": [4, 13, 4.999, 14], "rotation": 180, "texture": "#1"},
				"west": {"uv": [11, 12, 12, 14], "rotation": 270, "texture": "#0"},
				"up": {"uv": [11, 12, 13, 14], "texture": "#0"},
				"down": {"uv": [3, 12, 5, 14], "texture": "#1"}
			}
		},
		{
			"from": [12, 8, 14],
			"to": [13, 9, 15],
			"rotation": {"angle": 0, "axis": "y", "origin": [8, 0, 8]},
			"faces": {
				"north": {"uv": [0, 0, 1, 1], "texture": "#missing"},
				"east": {"uv": [0, 0, 1, 1], "texture": "#missing"},
				"south": {"uv": [3, 14, 4, 15], "rotation": 180, "texture": "#1"},
				"west": {"uv": [12, 14, 13, 15], "texture": "#0"},
				"up": {"uv": [12, 14, 13, 15], "texture": "#0"},
				"down": {"uv": [3, 14, 4, 15], "rotation": 180, "texture": "#1"}
			}
		},
		{
			"from": [13, 8, 13],
			"to": [14, 9, 14],
			"rotation": {"angle": 0, "axis": "y", "origin": [8, 0, 8]},
			"faces": {
				"north": {"uv": [2, 13, 3, 14], "texture": "#1"},
				"east": {"uv": [13, 13, 14, 14], "texture": "#0"},
				"south": {"uv": [0, 0, 1, 1], "texture": "#missing"},
				"west": {"uv": [0, 0, 1, 1], "texture": "#missing"},
				"up": {"uv": [13, 13, 14, 14], "texture": "#0"},
				"down": {"uv": [2, 13, 3, 14], "rotation": 180, "texture": "#1"}
			}
		},
		{
			"from": [1, 8, 11],
			"to": [12, 9, 12],
			"rotation": {"angle": 0, "axis": "y", "origin": [8, 0, 8]},
			"faces": {
				"north": {"uv": [4, 11, 15, 12], "texture": "#1"},
				"east": {"uv": [11, 11, 12, 12], "texture": "#0"},
				"south": {"uv": [3, 11, 15, 12], "rotation": 180, "texture": "#1"},
				"west": {"uv": [1, 11, 2, 12], "texture": "#0"},
				"up": {"uv": [1, 11, 12, 12], "texture": "#0"},
				"down": {"uv": [4, 11, 15, 12], "rotation": 180, "texture": "#1"}
			}
		},
		{
			"from": [4, 8, 4],
			"to": [7, 9, 5],
			"rotation": {"angle": 0, "axis": "y", "origin": [8, 0, 8]},
			"faces": {
				"north": {"uv": [9, 4, 12, 5], "texture": "#1"},
				"east": {"uv": [6, 4, 7, 5], "texture": "#0"},
				"south": {"uv": [0, 0, 10, 1], "texture": "#missing"},
				"west": {"uv": [4, 4, 5, 5], "texture": "#0"},
				"up": {"uv": [4, 4, 7, 5], "texture": "#0"},
				"down": {"uv": [9, 4, 12, 5], "rotation": 180, "texture": "#1"}
			}
		},
		{
			"from": [0, 8, 8],
			"to": [11, 9, 11],
			"rotation": {"angle": 0, "axis": "y", "origin": [8, 0, 8]},
			"faces": {
				"north": {"uv": [5, 8, 16, 9], "texture": "#1"},
				"east": {"uv": [10, 8, 11, 11], "rotation": 90, "texture": "#0"},
				"south": {"uv": [1, 10, 16, 11], "rotation": 180, "texture": "#1"},
				"west": {"uv": [0, 10, 1, 11], "texture": "#0"},
				"up": {"uv": [0, 8, 11, 11], "texture": "#0"},
				"down": {"uv": [5, 8, 16, 11], "rotation": 180, "texture": "#1"}
			}
		},
		{
			"from": [1, 8, 5],
			"to": [8, 9, 6],
			"rotation": {"angle": 0, "axis": "y", "origin": [8, 0, 8]},
			"faces": {
				"north": {"uv": [8, 5, 15, 6], "texture": "#1"},
				"east": {"uv": [7, 5, 8, 6], "texture": "#0"},
				"south": {"uv": [0, 0, 14, 1], "texture": "#missing"},
				"west": {"uv": [1, 5, 2, 6], "texture": "#0"},
				"up": {"uv": [1, 5, 8, 6], "texture": "#0"},
				"down": {"uv": [8, 5, 15, 6], "rotation": 180, "texture": "#1"}
			}
		},
		{
			"from": [0, 8, 7],
			"to": [10, 9, 8],
			"rotation": {"angle": 0, "axis": "y", "origin": [8, 0, 7]},
			"faces": {
				"north": {"uv": [7, 6, 16, 7], "texture": "#1"},
				"east": {"uv": [9, 7, 10, 8], "rotation": 90, "texture": "#0"},
				"south": {"uv": [0, 8, 16, 9], "rotation": 180, "texture": "#1"},
				"west": {"uv": [0, 6, 1, 9.999], "texture": "#0"},
				"up": {"uv": [0, 7, 10, 8], "texture": "#0"},
				"down": {"uv": [6, 7, 16, 8], "rotation": 180, "texture": "#1"}
			}
		},
		{
			"from": [0, 8, 6],
			"to": [9, 9, 7],
			"rotation": {"angle": 0, "axis": "y", "origin": [8, 0, 6]},
			"faces": {
				"north": {"uv": [7, 6, 16, 7], "texture": "#1"},
				"east": {"uv": [8, 6, 9, 7], "rotation": 90, "texture": "#0"},
				"south": {"uv": [0, 8, 16, 9], "rotation": 180, "texture": "#1"},
				"west": {"uv": [0, 6, 1, 9.999], "texture": "#0"},
				"up": {"uv": [0, 6, 9, 7], "texture": "#0"},
				"down": {"uv": [7, 6, 16, 7], "rotation": 180, "texture": "#1"}
			}
		},
		{
			"from": [2, 8, 12],
			"to": [11, 9, 13],
			"rotation": {"angle": 0, "axis": "y", "origin": [8, 0, 8]},
			"faces": {
				"north": {"uv": [0, 0, 9, 1], "texture": "#missing"},
				"east": {"uv": [0, 0, 1, 1], "texture": "#missing"},
				"south": {"uv": [5, 12, 14, 13], "rotation": 180, "texture": "#1"},
				"west": {"uv": [2, 12, 3, 13], "texture": "#0"},
				"up": {"uv": [2, 12, 11, 13], "texture": "#0"},
				"down": {"uv": [3, 12, 14, 13], "rotation": 180, "texture": "#1"}
			}
		},
		{
			"from": [3, 8, 13],
			"to": [7, 9, 14],
			"rotation": {"angle": 0, "axis": "y", "origin": [8, 0, 8]},
			"faces": {
				"north": {"uv": [0, 0, 4, 1], "texture": "#missing"},
				"east": {"uv": [9, 13, 10, 14], "texture": "#1"},
				"south": {"uv": [9, 13, 13, 14], "rotation": 180, "texture": "#1"},
				"west": {"uv": [3, 13, 4, 14], "texture": "#0"},
				"up": {"uv": [3, 13, 7, 14], "texture": "#0"},
				"down": {"uv": [9, 13, 13, 14], "rotation": 180, "texture": "#1"}
			}
		}
	],
	"gui_light": "front",
	"display": {
		"thirdperson_righthand": {
			"rotation": [125, 0, 90],
			"translation": [0, 6.25, 1],
			"scale": [0.75, 0.75, 0.75]
		},
		"thirdperson_lefthand": {
			"rotation": [125, 0, 90],
			"translation": [0, 6.25, 1],
			"scale": [-0.75, -0.75, 0.75]
		},
		"firstperson_righthand": {
			"rotation": [132, 0, 87],
			"translation": [-0.75, 4.75, 1.5],
			"scale": [0.75, 0.75, 0.75]
		},
		"firstperson_lefthand": {
			"rotation": [132, 0, -87],
			"translation": [-0.75, 4.75, 1.5],
			"scale": [0.75, 0.75, 0.75]
		},
		"ground": {
			"rotation": [90, 0, -90],
			"scale": [0.5, 0.5, 0.5]
		},
		"gui": {
			"rotation": [90, 0, 0]
		},
		"head": {
			"rotation": [-83, -126, 0],
			"translation": [0, 8.5, 0]
		},
		"fixed": {
			"rotation": [-90, -180, 0]
		}
	}
}